0;"_SH_mx_managers_SystemManager"
5;"mx.skins.cursor.DragReject"
7;"mx.skins.cursor.DragLink"
9;"mx.skins.cursor.DragCopy"
10;"mx.skins.cursor.DragMove"
12;"mx.skins.cursor.BusyCursor"
14;"cursorStretch"
15;"mx.graphics.shaderClasses.LuminosityShader_ShaderClass"
16;"mx.graphics.shaderClasses.ColorDodgeShader_ShaderClass"
17;"mx.graphics.shaderClasses.ColorShader_ShaderClass"
18;"mx.graphics.shaderClasses.HueShader_ShaderClass"
19;"mx.graphics.shaderClasses.ColorBurnShader_ShaderClass"
20;"mx.graphics.shaderClasses.ExclusionShader_ShaderClass"
21;"mx.graphics.shaderClasses.SoftLightShader_ShaderClass"
22;"mx.graphics.shaderClasses.SaturationShader_ShaderClass"
23;"mx.graphics.shaderClasses.LuminosityMaskShader_ShaderClass"
24;"com.iv.sh.PopUpShared__embed_mxml__assets_ff_png_1734879428"
26;"SelectServer__embed_mxml__assets_chat_1_jpg_1309301064"
25;"com.iv.sh.ui.popup.PopUpClose__embed_mxml__assets_close_popup_png_2086276052"
27;"com.iv.sh.reg.PopUpLogin__embed_mxml__assets_police_for_guest_png_1859455626"
27;"com.iv.sh.reg.PopUpReg__embed_mxml__assets_police_for_guest_png_1859455626"
5;"_class_embed_css_Assets_swf__1291236433_mx_skins_cursor_DragReject_417351009"
28;"com.iv.sh.ui.tabbar.OrangeTab__embed_mxml__assets_chat_tab_m_png_2108721100"
21;"mx.graphics.shaderClasses.SoftLightShader_ShaderClass"
30;"com.iv.sh.ui.inputform.InputForm__embed_mxml__assets_chat_input_m_png_1668176362"
29;"com.iv.sh.ui.GreenBut__embed_mxml__assets_green_but_over_png_188275160"
31;"com.iv.sh.ui.GreenBut__embed_mxml__assets_green_but_png_1112439980"
32;"com.iv.sh.PopUpShared__embed_mxml__assets_mm_png_1631049532"
33;"com.iv.sh.PopUpShared__embed_mxml__assets_ya_png_1498928716"
34;"SelectServer__embed_mxml__assets_chat_3_jpg_1309293388"
35;"com.iv.sh.ui.TextInputDefaultSkin__embed_mxml__assets_text_input_bg_png_810591466"
36;"com.iv.sh.ui.inputform.SendFormBut__embed_mxml__assets_to_l_over_png_1102479272"
37;"com.iv.sh.ui.tabbar.OrangeTab__embed_mxml__assets_chat_select_tab_l_png_415689302"
38;"com.iv.sh.ref.PopUpRefs__embed_mxml__assets_popup_light_bg2_png_1812769580"
39;"com.iv.sh.PopUpShared__embed_mxml__assets_vk_png_1102563350"
27;"com.iv.sh.reg.PopUpLogInSite__embed_mxml__assets_police_for_guest_png_1859455626"
23;"mx.graphics.shaderClasses.LuminosityMaskShader_ShaderClass"
19;"mx.graphics.shaderClasses.ColorBurnShader_ShaderClass"
7;"_class_embed_css_Assets_swf__1291236433_mx_skins_cursor_DragLink_1070163530"
40;"com.iv.sh.ui.BlueBut__embed_mxml__assets_blue_but_png_952391028"
41;"com.iv.sh.ref.PopUpRefsTabBar__embed_mxml__assets_delimetr_png_838456980"
22;"mx.graphics.shaderClasses.SaturationShader_ShaderClass"
42;"com.iv.sh.ref.PopUpRef__embed_mxml__assets_clock_png_1114645802"
9;"_class_embed_css_Assets_swf__1291236433_mx_skins_cursor_DragCopy_1069901525"
17;"mx.graphics.shaderClasses.ColorShader_ShaderClass"
10;"_class_embed_css_Assets_swf__1291236433_mx_skins_cursor_DragMove_1070189105"
43;"com.iv.sh.ui.tabbar.OrangeTab__embed_mxml__assets_chat_tab_l_over_png_871735242"
44;"com.iv.sh.ui.OrangeBut__embed_mxml__assets_orange_but_png_1467453028"
45;"com.iv.sh.ui.BlueBut__embed_mxml__assets_blue_but_over_png_531571704"
46;"com.iv.sh.ui.inputform.SendFormBut__embed_mxml__assets_to_m_over_png_1139940458"
47;"com.iv.sh.PopUpShared__embed_mxml__assets_mk_png_1627871032"
27;"com.iv.sh.reg.PopUpStopToGuest__embed_mxml__assets_police_for_guest_png_1859455626"
48;"com.iv.sh.ui.inputform.SendFormBut__embed_mxml__assets_to_m_png_1114906838"
49;"com.iv.sh.PopUpShared__embed_mxml__assets_lj_png_1639437496"
16;"mx.graphics.shaderClasses.ColorDodgeShader_ShaderClass"
15;"mx.graphics.shaderClasses.LuminosityShader_ShaderClass"
50;"com.iv.sh.ui.popup.PopUpSkin__embed_mxml__assets_orange_bg_png_1576410250"
51;"com.iv.sh.PopUpShared__embed_mxml__assets_tw_png_1228363446"
53;"com.iv.sh.ui.OrangeBut__embed_mxml__assets_orange_but_over_png_2093646744"
52;"com.iv.sh.ref.PopUpForDevelopers__embed_mxml__assets_money_png_1568128266"
18;"mx.graphics.shaderClasses.HueShader_ShaderClass"
20;"mx.graphics.shaderClasses.ExclusionShader_ShaderClass"
54;"com.iv.sh.ui.tabbar.OrangeTab__embed_mxml__assets_chat_tab_l_png_2108733130"
55;"com.iv.sh.ui.popup.PopUpClose__embed_mxml__assets_close_popup_over_png_388861864"
56;"com.iv.sh.ui.inputform.InputForm__embed_mxml__assets_chat_input_l_png_1662150372"
12;"_class_embed_css_Assets_swf__1291236433_mx_skins_cursor_BusyCursor_751722091"
58;"com.iv.sh.PopUpShared__embed_mxml__assets_fb_png_1727539404"
57;"com.iv.sh.ui.tabbar.OrangeTab__embed_mxml__assets_chat_select_tab_m_png_415677272"
59;"SelectServer__embed_mxml__assets_chat_4_png_1312266026"
60;"com.iv.sh.PopUpShared__embed_mxml__assets_od_png_1494701654"
61;"com.iv.sh.ui.inputform.SendFormBut__embed_mxml__assets_to_l_png_1113088204"
14;"_class_embed_css_Assets_swf__1291236433_cursorStretch_1209699474"
62;"com.iv.sh.ui.tabbar.OrangeTab__embed_mxml__assets_chat_tab_m_over_png_322141640"
